adduser	3.137ubuntu1	adduser	3.137ubuntu1
adwaita-icon-theme	46.0-1	adwaita-icon-theme	46.0-1
apt	2.8.3	apt	2.8.3
at-spi2-common	2.52.0-1build1	at-spi2-core	2.52.0-1build1
autoconf	2.71-3	autoconf	2.71-3
automake	1:1.16.5-1.3ubuntu1	automake-1.16	1:1.16.5-1.3ubuntu1
autotools-dev	20220109.1	autotools-dev	20220109.1
base-files	13ubuntu10.4	base-files	13ubuntu10.4
base-passwd	3.6.3build1	base-passwd	3.6.3build1
bash	5.2.21-2ubuntu4	bash	5.2.21-2ubuntu4
binutils	2.42-4ubuntu2.10	binutils	2.42-4ubuntu2.10
binutils-common:amd64	2.42-4ubuntu2.10	binutils	2.42-4ubuntu2.10
binutils-x86-64-linux-gnu	2.42-4ubuntu2.10	binutils	2.42-4ubuntu2.10
bsdutils	1:2.39.3-9ubuntu6.6	util-linux	2.39.3-9ubuntu6.6
bubblewrap	0.9.0-1ubuntu0.1	bubblewrap	0.9.0-1ubuntu0.1
build-essential	12.10ubuntu1	build-essential	12.10ubuntu1
bzip2	1.0.8-5.1ubuntu0.1	bzip2	1.0.8-5.1ubuntu0.1
ca-certificates	20260601~24.04.1	ca-certificates	20260601~24.04.1
coreutils	9.4-3ubuntu6.2	coreutils	9.4-3ubuntu6.2
cpp	4:13.2.0-7ubuntu1	gcc-defaults	1.214ubuntu1
cpp-13	13.3.0-6ubuntu2~24.04.1	gcc-13	13.3.0-6ubuntu2~24.04.1
cpp-13-x86-64-linux-gnu	13.3.0-6ubuntu2~24.04.1	gcc-13	13.3.0-6ubuntu2~24.04.1
cpp-x86-64-linux-gnu	4:13.2.0-7ubuntu1	gcc-defaults	1.214ubuntu1
curl	8.5.0-2ubuntu10.13	curl	8.5.0-2ubuntu10.13
dash	0.5.12-6ubuntu5	dash	0.5.12-6ubuntu5
dbus-bin	1.14.10-4ubuntu4.1	dbus	1.14.10-4ubuntu4.1
dbus-daemon	1.14.10-4ubuntu4.1	dbus	1.14.10-4ubuntu4.1
dbus-session-bus-common	1.14.10-4ubuntu4.1	dbus	1.14.10-4ubuntu4.1
dbus-x11	1.14.10-4ubuntu4.1	dbus	1.14.10-4ubuntu4.1
dconf-gsettings-backend:amd64	0.40.0-4ubuntu0.1	dconf	0.40.0-4ubuntu0.1
dconf-service	0.40.0-4ubuntu0.1	dconf	0.40.0-4ubuntu0.1
debconf	1.5.86ubuntu1	debconf	1.5.86ubuntu1
debianutils	5.17build1	debianutils	5.17build1
desktop-file-utils	0.27-2build1	desktop-file-utils	0.27-2build1
dictionaries-common	1.29.7	dictionaries-common	1.29.7
diffutils	1:3.10-1build1	diffutils	1:3.10-1build1
dpkg	1.22.6ubuntu6.6	dpkg	1.22.6ubuntu6.6
dpkg-dev	1.22.6ubuntu6.6	dpkg	1.22.6ubuntu6.6
e2fsprogs	1.47.0-2.4~exp1ubuntu4.1	e2fsprogs	1.47.0-2.4~exp1ubuntu4.1
emacsen-common	3.0.5	emacsen-common	3.0.5
ffmpeg	7:6.1.1-3ubuntu5	ffmpeg	7:6.1.1-3ubuntu5
file	1:5.45-3build1	file	1:5.45-3build1
findutils	4.9.0-5build1	findutils	4.9.0-5build1
fontconfig	2.15.0-1.1ubuntu2	fontconfig	2.15.0-1.1ubuntu2
fontconfig-config	2.15.0-1.1ubuntu2	fontconfig	2.15.0-1.1ubuntu2
fonts-dejavu-core	2.37-8	fonts-dejavu	2.37-8
fonts-dejavu-mono	2.37-8	fonts-dejavu	2.37-8
fuse3	3.14.0-5build1	fuse3	3.14.0-5build1
g++	4:13.2.0-7ubuntu1	gcc-defaults	1.214ubuntu1
g++-13	13.3.0-6ubuntu2~24.04.1	gcc-13	13.3.0-6ubuntu2~24.04.1
g++-13-x86-64-linux-gnu	13.3.0-6ubuntu2~24.04.1	gcc-13	13.3.0-6ubuntu2~24.04.1
g++-x86-64-linux-gnu	4:13.2.0-7ubuntu1	gcc-defaults	1.214ubuntu1
gcc	4:13.2.0-7ubuntu1	gcc-defaults	1.214ubuntu1
gcc-13	13.3.0-6ubuntu2~24.04.1	gcc-13	13.3.0-6ubuntu2~24.04.1
gcc-13-base:amd64	13.3.0-6ubuntu2~24.04.1	gcc-13	13.3.0-6ubuntu2~24.04.1
gcc-13-x86-64-linux-gnu	13.3.0-6ubuntu2~24.04.1	gcc-13	13.3.0-6ubuntu2~24.04.1
gcc-14-base:amd64	14.2.0-4ubuntu2~24.04.1	gcc-14	14.2.0-4ubuntu2~24.04.1
gcc-x86-64-linux-gnu	4:13.2.0-7ubuntu1	gcc-defaults	1.214ubuntu1
gir1.2-atk-1.0:amd64	2.52.0-1build1	at-spi2-core	2.52.0-1build1
gir1.2-atspi-2.0:amd64	2.52.0-1build1	at-spi2-core	2.52.0-1build1
gir1.2-freedesktop:amd64	1.80.1-1	gobject-introspection	1.80.1-1
gir1.2-freedesktop-dev:amd64	1.80.1-1	gobject-introspection	1.80.1-1
gir1.2-gdkpixbuf-2.0:amd64	2.42.10+dfsg-3ubuntu3.3	gdk-pixbuf	2.42.10+dfsg-3ubuntu3.3
gir1.2-girepository-2.0:amd64	1.80.1-1	gobject-introspection	1.80.1-1
gir1.2-girepository-2.0-dev:amd64	1.80.1-1	gobject-introspection	1.80.1-1
gir1.2-glib-2.0:amd64	2.80.0-6ubuntu3.8	glib2.0	2.80.0-6ubuntu3.8
gir1.2-glib-2.0-dev:amd64	2.80.0-6ubuntu3.8	glib2.0	2.80.0-6ubuntu3.8
gir1.2-gtk-3.0:amd64	3.24.41-4ubuntu1.3	gtk+3.0	3.24.41-4ubuntu1.3
gir1.2-harfbuzz-0.0:amd64	8.3.0-2build2	harfbuzz	8.3.0-2build2
gir1.2-javascriptcoregtk-4.1:amd64	2.52.6-0ubuntu0.24.04.1	webkit2gtk	2.52.6-0ubuntu0.24.04.1
gir1.2-pango-1.0:amd64	1.52.1+ds-1build1	pango1.0	1.52.1+ds-1build1
gir1.2-rsvg-2.0:amd64	2.58.0+dfsg-1build1	librsvg	2.58.0+dfsg-1build1
gir1.2-soup-3.0:amd64	3.4.4-5ubuntu0.7	libsoup3	3.4.4-5ubuntu0.7
gir1.2-webkit2-4.1:amd64	2.52.6-0ubuntu0.24.04.1	webkit2gtk	2.52.6-0ubuntu0.24.04.1
git	1:2.43.0-1ubuntu7.3	git	1:2.43.0-1ubuntu7.3
git-man	1:2.43.0-1ubuntu7.3	git	1:2.43.0-1ubuntu7.3
glib-networking:amd64	2.80.0-1build1	glib-networking	2.80.0-1build1
glib-networking-common	2.80.0-1build1	glib-networking	2.80.0-1build1
glib-networking-services	2.80.0-1build1	glib-networking	2.80.0-1build1
gobject-introspection:amd64	1.80.1-1	gobject-introspection	1.80.1-1
gobject-introspection-bin	1.80.1-1	gobject-introspection	1.80.1-1
gpgv	2.4.4-2ubuntu17.4	gnupg2	2.4.4-2ubuntu17.4
grep	3.11-4build1	grep	3.11-4build1
gsettings-desktop-schemas	46.1-0ubuntu1	gsettings-desktop-schemas	46.1-0ubuntu1
gstreamer1.0-plugins-base:amd64	1.24.2-1ubuntu0.4	gst-plugins-base1.0	1.24.2-1ubuntu0.4
gstreamer1.0-plugins-good:amd64	1.24.2-1ubuntu1.5	gst-plugins-good1.0	1.24.2-1ubuntu1.5
gtk-update-icon-cache	3.24.41-4ubuntu1.3	gtk+3.0	3.24.41-4ubuntu1.3
gzip	1.12-1ubuntu3.2	gzip	1.12-1ubuntu3.2
hicolor-icon-theme	0.17-2	hicolor-icon-theme	0.17-2
hostname	3.23+nmu2ubuntu2	hostname	3.23+nmu2ubuntu2
humanity-icon-theme	0.6.16	humanity-icon-theme	0.6.16
hunspell-en-us	1:2020.12.07-2	scowl	2020.12.07-2
icu-devtools	74.2-1ubuntu3.1	icu	74.2-1ubuntu3.1
init-system-helpers	1.66ubuntu1	init-system-helpers	1.66ubuntu1
iso-codes	4.16.0-1	iso-codes	4.16.0-1
libaa1:amd64	1.4p5-51.1	aalib	1.4p5-51.1
libacl1:amd64	2.3.2-1build1.1	acl	2.3.2-1build1.1
libaom-dev:amd64	3.8.2-2ubuntu0.1	aom	3.8.2-2ubuntu0.1
libaom3:amd64	3.8.2-2ubuntu0.1	aom	3.8.2-2ubuntu0.1
libapparmor1:amd64	4.0.1really4.0.1-0ubuntu0.24.04.7	apparmor	4.0.1really4.0.1-0ubuntu0.24.04.7
libapt-pkg6.0t64:amd64	2.8.3	apt	2.8.3
libasan8:amd64	14.2.0-4ubuntu2~24.04.1	gcc-14	14.2.0-4ubuntu2~24.04.1
libasound2-data	1.2.11-1ubuntu0.3	alsa-lib	1.2.11-1ubuntu0.3
libasound2t64:amd64	1.2.11-1ubuntu0.3	alsa-lib	1.2.11-1ubuntu0.3
libaspell15:amd64	0.60.8.1-1build1	aspell	0.60.8.1-1build1
libass9:amd64	1:0.17.1-2build1	libass	1:0.17.1-2build1
libassuan0:amd64	2.5.6-1build1	libassuan	2.5.6-1build1
libasyncns0:amd64	0.8-6build4	libasyncns	0.8-6build4
libatk-bridge2.0-0t64:amd64	2.52.0-1build1	at-spi2-core	2.52.0-1build1
libatk-bridge2.0-dev:amd64	2.52.0-1build1	at-spi2-core	2.52.0-1build1
libatk1.0-0t64:amd64	2.52.0-1build1	at-spi2-core	2.52.0-1build1
libatk1.0-dev:amd64	2.52.0-1build1	at-spi2-core	2.52.0-1build1
libatomic1:amd64	14.2.0-4ubuntu2~24.04.1	gcc-14	14.2.0-4ubuntu2~24.04.1
libatspi2.0-0t64:amd64	2.52.0-1build1	at-spi2-core	2.52.0-1build1
libatspi2.0-dev:amd64	2.52.0-1build1	at-spi2-core	2.52.0-1build1
libattr1:amd64	1:2.5.2-1build1.1	attr	1:2.5.2-1build1.1
libaudit-common	1:3.1.2-2.1build1.1	audit	1:3.1.2-2.1build1.1
libaudit1:amd64	1:3.1.2-2.1build1.1	audit	1:3.1.2-2.1build1.1
libavahi-client3:amd64	0.8-13ubuntu6.2	avahi	0.8-13ubuntu6.2
libavahi-common-data:amd64	0.8-13ubuntu6.2	avahi	0.8-13ubuntu6.2
libavahi-common3:amd64	0.8-13ubuntu6.2	avahi	0.8-13ubuntu6.2
libavc1394-0:amd64	0.5.4-5build3	libavc1394	0.5.4-5build3
libavcodec60:amd64	7:6.1.1-3ubuntu5	ffmpeg	7:6.1.1-3ubuntu5
libavdevice60:amd64	7:6.1.1-3ubuntu5	ffmpeg	7:6.1.1-3ubuntu5
libavfilter9:amd64	7:6.1.1-3ubuntu5	ffmpeg	7:6.1.1-3ubuntu5
libavformat60:amd64	7:6.1.1-3ubuntu5	ffmpeg	7:6.1.1-3ubuntu5
libavutil58:amd64	7:6.1.1-3ubuntu5	ffmpeg	7:6.1.1-3ubuntu5
libbinutils:amd64	2.42-4ubuntu2.10	binutils	2.42-4ubuntu2.10
libblas3:amd64	3.12.0-3build1.1	lapack	3.12.0-3build1.1
libblkid-dev:amd64	2.39.3-9ubuntu6.6	util-linux	2.39.3-9ubuntu6.6
libblkid1:amd64	2.39.3-9ubuntu6.6	util-linux	2.39.3-9ubuntu6.6
libbluray2:amd64	1:1.3.4-1build1	libbluray	1:1.3.4-1build1
libbrotli-dev:amd64	1.1.0-2build2	brotli	1.1.0-2build2
libbrotli1:amd64	1.1.0-2build2	brotli	1.1.0-2build2
libbs2b0:amd64	3.1.0+dfsg-7build1	libbs2b	3.1.0+dfsg-7build1
libbsd0:amd64	0.12.1-1build1.1	libbsd	0.12.1-1build1.1
libbz2-1.0:amd64	1.0.8-5.1ubuntu0.1	bzip2	1.0.8-5.1ubuntu0.1
libbz2-dev:amd64	1.0.8-5.1ubuntu0.1	bzip2	1.0.8-5.1ubuntu0.1
libc-bin	2.39-0ubuntu8.8	glibc	2.39-0ubuntu8.8
libc-dev-bin	2.39-0ubuntu8.8	glibc	2.39-0ubuntu8.8
libc6:amd64	2.39-0ubuntu8.8	glibc	2.39-0ubuntu8.8
libc6-dev:amd64	2.39-0ubuntu8.8	glibc	2.39-0ubuntu8.8
libcaca0:amd64	0.99.beta20-4ubuntu0.2	libcaca	0.99.beta20-4ubuntu0.2
libcairo-gobject2:amd64	1.18.0-3build1	cairo	1.18.0-3build1
libcairo-script-interpreter2:amd64	1.18.0-3build1	cairo	1.18.0-3build1
libcairo2:amd64	1.18.0-3build1	cairo	1.18.0-3build1
libcairo2-dev:amd64	1.18.0-3build1	cairo	1.18.0-3build1
libcap-ng0:amd64	0.8.4-2build2	libcap-ng	0.8.4-2build2
libcap2:amd64	1:2.66-5ubuntu2.4	libcap2	1:2.66-5ubuntu2.4
libcap2-bin	1:2.66-5ubuntu2.4	libcap2	1:2.66-5ubuntu2.4
libcc1-0:amd64	14.2.0-4ubuntu2~24.04.1	gcc-14	14.2.0-4ubuntu2~24.04.1
libcdio-cdda2t64:amd64	10.2+2.0.1-1.1build2	libcdio-paranoia	10.2+2.0.1-1.1build2
libcdio-paranoia2t64:amd64	10.2+2.0.1-1.1build2	libcdio-paranoia	10.2+2.0.1-1.1build2
libcdio19t64:amd64	2.1.0-4.1ubuntu1.2	libcdio	2.1.0-4.1ubuntu1.2
libcdparanoia0:amd64	3.10.2+debian-14build3	cdparanoia	3.10.2+debian-14build3
libchromaprint1:amd64	1.5.1-5	chromaprint	1.5.1-5
libcjson1:amd64	1.7.17-1	cjson	1.7.17-1
libcodec2-1.2:amd64	1.2.0-2build1	codec2	1.2.0-2build1
libcolord2:amd64	1.4.7-1build2	colord	1.4.7-1build2
libcom-err2:amd64	1.47.0-2.4~exp1ubuntu4.1	e2fsprogs	1.47.0-2.4~exp1ubuntu4.1
libcrypt-dev:amd64	1:4.4.36-4build1	libxcrypt	1:4.4.36-4build1
libcrypt1:amd64	1:4.4.36-4build1	libxcrypt	1:4.4.36-4build1
libctf-nobfd0:amd64	2.42-4ubuntu2.10	binutils	2.42-4ubuntu2.10
libctf0:amd64	2.42-4ubuntu2.10	binutils	2.42-4ubuntu2.10
libcups2t64:amd64	2.4.7-1.2ubuntu7.14	cups	2.4.7-1.2ubuntu7.14
libcurl3t64-gnutls:amd64	8.5.0-2ubuntu10.13	curl	8.5.0-2ubuntu10.13
libcurl4t64:amd64	8.5.0-2ubuntu10.13	curl	8.5.0-2ubuntu10.13
libdatrie-dev:amd64	0.2.13-3build1	libdatrie	0.2.13-3build1
libdatrie1:amd64	0.2.13-3build1	libdatrie	0.2.13-3build1
libdav1d-dev:amd64	1.4.1-1build1	dav1d	1.4.1-1build1
libdav1d7:amd64	1.4.1-1build1	dav1d	1.4.1-1build1
libdb5.3t64:amd64	5.3.28+dfsg2-7	db5.3	5.3.28+dfsg2-7
libdbus-1-3:amd64	1.14.10-4ubuntu4.1	dbus	1.14.10-4ubuntu4.1
libdbus-1-dev:amd64	1.14.10-4ubuntu4.1	dbus	1.14.10-4ubuntu4.1
libdc1394-25:amd64	2.2.6-4build1	libdc1394	2.2.6-4build1
libdconf1:amd64	0.40.0-4ubuntu0.1	dconf	0.40.0-4ubuntu0.1
libde265-0:amd64	1.0.15-1ubuntu0.1	libde265	1.0.15-1ubuntu0.1
libde265-dev:amd64	1.0.15-1ubuntu0.1	libde265	1.0.15-1ubuntu0.1
libdebconfclient0:amd64	0.271ubuntu3	cdebconf	0.271ubuntu3
libdecor-0-0:amd64	0.2.2-1build2	libdecor-0	0.2.2-1build2
libdeflate-dev:amd64	1.19-1build1.1	libdeflate	1.19-1build1.1
libdeflate0:amd64	1.19-1build1.1	libdeflate	1.19-1build1.1
libdpkg-perl	1.22.6ubuntu6.6	dpkg	1.22.6ubuntu6.6
libdrm-amdgpu1:amd64	2.4.125-1ubuntu0.1~24.04.2	libdrm	2.4.125-1ubuntu0.1~24.04.2
libdrm-common	2.4.125-1ubuntu0.1~24.04.2	libdrm	2.4.125-1ubuntu0.1~24.04.2
libdrm-intel1:amd64	2.4.125-1ubuntu0.1~24.04.2	libdrm	2.4.125-1ubuntu0.1~24.04.2
libdrm2:amd64	2.4.125-1ubuntu0.1~24.04.2	libdrm	2.4.125-1ubuntu0.1~24.04.2
libduktape207:amd64	2.7.0+tests-0ubuntu3	duktape	2.7.0+tests-0ubuntu3
libdv4t64:amd64	1.0.0-17.1build1	libdv	1.0.0-17.1build1
libdw1t64:amd64	0.190-1.1ubuntu0.1	elfutils	0.190-1.1ubuntu0.1
libedit2:amd64	3.1-20230828-1build1	libedit	3.1-20230828-1build1
libegl-dev:amd64	1.7.0-1build1	libglvnd	1.7.0-1build1
libegl-mesa0:amd64	25.2.8-0ubuntu0.24.04.2	mesa	25.2.8-0ubuntu0.24.04.2
libegl1:amd64	1.7.0-1build1	libglvnd	1.7.0-1build1
libegl1-mesa-dev:amd64	25.2.8-0ubuntu0.24.04.2	mesa	25.2.8-0ubuntu0.24.04.2
libelf1t64:amd64	0.190-1.1ubuntu0.1	elfutils	0.190-1.1ubuntu0.1
libenchant-2-2:amd64	2.3.3-2build2	enchant-2	2.3.3-2build2
libepoxy-dev:amd64	1.5.10-1build1	libepoxy	1.5.10-1build1
libepoxy0:amd64	1.5.10-1build1	libepoxy	1.5.10-1build1
liberror-perl	0.17029-2	liberror-perl	0.17029-2
libevdev2:amd64	1.13.1+dfsg-1build1	libevdev	1.13.1+dfsg-1build1
libexpat1:amd64	2.6.1-2ubuntu0.4	expat	2.6.1-2ubuntu0.4
libexpat1-dev:amd64	2.6.1-2ubuntu0.4	expat	2.6.1-2ubuntu0.4
libext2fs2t64:amd64	1.47.0-2.4~exp1ubuntu4.1	e2fsprogs	1.47.0-2.4~exp1ubuntu4.1
libffi-dev:amd64	3.4.6-1build1	libffi	3.4.6-1build1
libffi8:amd64	3.4.6-1build1	libffi	3.4.6-1build1
libfftw3-double3:amd64	3.3.10-1ubuntu3	fftw3	3.3.10-1ubuntu3
libflac12t64:amd64	1.4.3+ds-2.1ubuntu2	flac	1.4.3+ds-2.1ubuntu2
libflite1:amd64	2.2-6build3	flite	2.2-6build3
libfontconfig-dev:amd64	2.15.0-1.1ubuntu2	fontconfig	2.15.0-1.1ubuntu2
libfontconfig1:amd64	2.15.0-1.1ubuntu2	fontconfig	2.15.0-1.1ubuntu2
libfontenc1:amd64	1:1.1.8-1build1	libfontenc	1:1.1.8-1build1
libfreetype-dev:amd64	2.13.2+dfsg-1ubuntu0.1	freetype	2.13.2+dfsg-1ubuntu0.1
libfreetype6:amd64	2.13.2+dfsg-1ubuntu0.1	freetype	2.13.2+dfsg-1ubuntu0.1
libfribidi-dev:amd64	1.0.13-3build1	fribidi	1.0.13-3build1
libfribidi0:amd64	1.0.13-3build1	fribidi	1.0.13-3build1
libfuse3-3:amd64	3.14.0-5build1	fuse3	3.14.0-5build1
libgbm1:amd64	25.2.8-0ubuntu0.24.04.2	mesa	25.2.8-0ubuntu0.24.04.2
libgcc-13-dev:amd64	13.3.0-6ubuntu2~24.04.1	gcc-13	13.3.0-6ubuntu2~24.04.1
libgcc-s1:amd64	14.2.0-4ubuntu2~24.04.1	gcc-14	14.2.0-4ubuntu2~24.04.1
libgcrypt20:amd64	1.10.3-2ubuntu0.1	libgcrypt20	1.10.3-2ubuntu0.1
libgdbm-compat4t64:amd64	1.23-5.1build1	gdbm	1.23-5.1build1
libgdbm6t64:amd64	1.23-5.1build1	gdbm	1.23-5.1build1
libgdk-pixbuf-2.0-0:amd64	2.42.10+dfsg-3ubuntu3.3	gdk-pixbuf	2.42.10+dfsg-3ubuntu3.3
libgdk-pixbuf-2.0-dev:amd64	2.42.10+dfsg-3ubuntu3.3	gdk-pixbuf	2.42.10+dfsg-3ubuntu3.3
libgdk-pixbuf2.0-bin	2.42.10+dfsg-3ubuntu3.3	gdk-pixbuf	2.42.10+dfsg-3ubuntu3.3
libgdk-pixbuf2.0-common	2.42.10+dfsg-3ubuntu3.3	gdk-pixbuf	2.42.10+dfsg-3ubuntu3.3
libgfortran5:amd64	14.2.0-4ubuntu2~24.04.1	gcc-14	14.2.0-4ubuntu2~24.04.1
libgirepository-1.0-1:amd64	1.80.1-1	gobject-introspection	1.80.1-1
libgirepository-1.0-dev:amd64	1.80.1-1	gobject-introspection	1.80.1-1
libgirepository-2.0-0:amd64	2.80.0-6ubuntu3.8	glib2.0	2.80.0-6ubuntu3.8
libgirepository1.0-dev	1.80.1-1	gobject-introspection	1.80.1-1
libgl-dev:amd64	1.7.0-1build1	libglvnd	1.7.0-1build1
libgl1:amd64	1.7.0-1build1	libglvnd	1.7.0-1build1
libgl1-mesa-dri:amd64	25.2.8-0ubuntu0.24.04.2	mesa	25.2.8-0ubuntu0.24.04.2
libgles-dev:amd64	1.7.0-1build1	libglvnd	1.7.0-1build1
libgles1:amd64	1.7.0-1build1	libglvnd	1.7.0-1build1
libgles2:amd64	1.7.0-1build1	libglvnd	1.7.0-1build1
libglib2.0-0t64:amd64	2.80.0-6ubuntu3.8	glib2.0	2.80.0-6ubuntu3.8
libglib2.0-bin	2.80.0-6ubuntu3.8	glib2.0	2.80.0-6ubuntu3.8
libglib2.0-data	2.80.0-6ubuntu3.8	glib2.0	2.80.0-6ubuntu3.8
libglib2.0-dev:amd64	2.80.0-6ubuntu3.8	glib2.0	2.80.0-6ubuntu3.8
libglib2.0-dev-bin	2.80.0-6ubuntu3.8	glib2.0	2.80.0-6ubuntu3.8
libglvnd-core-dev:amd64	1.7.0-1build1	libglvnd	1.7.0-1build1
libglvnd-dev:amd64	1.7.0-1build1	libglvnd	1.7.0-1build1
libglvnd0:amd64	1.7.0-1build1	libglvnd	1.7.0-1build1
libglx-dev:amd64	1.7.0-1build1	libglvnd	1.7.0-1build1
libglx-mesa0:amd64	25.2.8-0ubuntu0.24.04.2	mesa	25.2.8-0ubuntu0.24.04.2
libglx0:amd64	1.7.0-1build1	libglvnd	1.7.0-1build1
libgme0:amd64	0.6.3-7build1	game-music-emu	0.6.3-7build1
libgmp10:amd64	2:6.3.0+dfsg-2ubuntu6.1	gmp	2:6.3.0+dfsg-2ubuntu6.1
libgnutls30t64:amd64	3.8.3-1.1ubuntu3.6	gnutls28	3.8.3-1.1ubuntu3.6
libgomp1:amd64	14.2.0-4ubuntu2~24.04.1	gcc-14	14.2.0-4ubuntu2~24.04.1
libgpg-error0:amd64	1.47-3build2.1	libgpg-error	1.47-3build2.1
libgpm2:amd64	1.20.7-11	gpm	1.20.7-11
libgprofng0:amd64	2.42-4ubuntu2.10	binutils	2.42-4ubuntu2.10
libgraphite2-3:amd64	1.3.14-2ubuntu0.24.04.1	graphite2	1.3.14-2ubuntu0.24.04.1
libgraphite2-dev:amd64	1.3.14-2ubuntu0.24.04.1	graphite2	1.3.14-2ubuntu0.24.04.1
libgsm1:amd64	1.0.22-1build1	libgsm	1.0.22-1build1
libgssapi-krb5-2:amd64	1.20.1-6ubuntu2.8	krb5	1.20.1-6ubuntu2.8
libgstreamer-gl1.0-0:amd64	1.24.2-1ubuntu0.4	gst-plugins-base1.0	1.24.2-1ubuntu0.4
libgstreamer-plugins-base1.0-0:amd64	1.24.2-1ubuntu0.4	gst-plugins-base1.0	1.24.2-1ubuntu0.4
libgstreamer-plugins-good1.0-0:amd64	1.24.2-1ubuntu1.5	gst-plugins-good1.0	1.24.2-1ubuntu1.5
libgstreamer1.0-0:amd64	1.24.2-1ubuntu0.1	gstreamer1.0	1.24.2-1ubuntu0.1
libgtk-3-0t64:amd64	3.24.41-4ubuntu1.3	gtk+3.0	3.24.41-4ubuntu1.3
libgtk-3-common	3.24.41-4ubuntu1.3	gtk+3.0	3.24.41-4ubuntu1.3
libgtk-3-dev:amd64	3.24.41-4ubuntu1.3	gtk+3.0	3.24.41-4ubuntu1.3
libgudev-1.0-0:amd64	1:238-5ubuntu1	libgudev	238-5ubuntu1
libgumbo-dev:amd64	0.12.0+dfsg-2build1	gumbo-parser	0.12.0+dfsg-2build1
libgumbo2:amd64	0.12.0+dfsg-2build1	gumbo-parser	0.12.0+dfsg-2build1
libharfbuzz-cairo0:amd64	8.3.0-2build2	harfbuzz	8.3.0-2build2
libharfbuzz-dev:amd64	8.3.0-2build2	harfbuzz	8.3.0-2build2
libharfbuzz-gobject0:amd64	8.3.0-2build2	harfbuzz	8.3.0-2build2
libharfbuzz-icu0:amd64	8.3.0-2build2	harfbuzz	8.3.0-2build2
libharfbuzz-subset0:amd64	8.3.0-2build2	harfbuzz	8.3.0-2build2
libharfbuzz0b:amd64	8.3.0-2build2	harfbuzz	8.3.0-2build2
libheif-dev:amd64	1.17.6-1ubuntu4.8	libheif	1.17.6-1ubuntu4.8
libheif-plugin-aomdec:amd64	1.17.6-1ubuntu4.8	libheif	1.17.6-1ubuntu4.8
libheif-plugin-aomenc:amd64	1.17.6-1ubuntu4.8	libheif	1.17.6-1ubuntu4.8
libheif-plugin-libde265:amd64	1.17.6-1ubuntu4.8	libheif	1.17.6-1ubuntu4.8
libheif-plugin-x265:amd64	1.17.6-1ubuntu4.8	libheif	1.17.6-1ubuntu4.8
libheif1:amd64	1.17.6-1ubuntu4.8	libheif	1.17.6-1ubuntu4.8
libhogweed6t64:amd64	3.9.1-2.2build1.1	nettle	3.9.1-2.2build1.1
libhunspell-1.7-0:amd64	1.7.2+really1.7.2-10build3	hunspell	1.7.2+really1.7.2-10build3
libhwasan0:amd64	14.2.0-4ubuntu2~24.04.1	gcc-14	14.2.0-4ubuntu2~24.04.1
libhwy1t64:amd64	1.0.7-8.1build1	highway	1.0.7-8.1build1
libhyphen0:amd64	2.8.8-7build3	hyphen	2.8.8-7build3
libice-dev:amd64	2:1.0.10-1build3	libice	2:1.0.10-1build3
libice6:amd64	2:1.0.10-1build3	libice	2:1.0.10-1build3
libicu-dev:amd64	74.2-1ubuntu3.1	icu	74.2-1ubuntu3.1
libicu74:amd64	74.2-1ubuntu3.1	icu	74.2-1ubuntu3.1
libidn2-0:amd64	2.3.7-2build1.1	libidn2	2.3.7-2build1.1
libiec61883-0:amd64	1.2.0-6build1	libiec61883	1.2.0-6build1
libisl23:amd64	0.26-3build1.1	isl	0.26-3build1.1
libitm1:amd64	14.2.0-4ubuntu2~24.04.1	gcc-14	14.2.0-4ubuntu2~24.04.1
libjack-jackd2-0:amd64	1.9.21~dfsg-3ubuntu3	jackd2	1.9.21~dfsg-3ubuntu3
libjansson4:amd64	2.14-2build2	jansson	2.14-2build2
libjavascriptcoregtk-4.1-0:amd64	2.52.6-0ubuntu0.24.04.1	webkit2gtk	2.52.6-0ubuntu0.24.04.1
libjavascriptcoregtk-4.1-dev:amd64	2.52.6-0ubuntu0.24.04.1	webkit2gtk	2.52.6-0ubuntu0.24.04.1
libjbig-dev:amd64	2.1-6.1ubuntu2	jbigkit	2.1-6.1ubuntu2
libjbig0:amd64	2.1-6.1ubuntu2	jbigkit	2.1-6.1ubuntu2
libjbig2dec0:amd64	0.20-1ubuntu0.24.04.1	jbig2dec	0.20-1ubuntu0.24.04.1
libjbig2dec0-dev:amd64	0.20-1ubuntu0.24.04.1	jbig2dec	0.20-1ubuntu0.24.04.1
libjpeg-dev:amd64	8c-2ubuntu11	libjpeg8-empty	8c-2ubuntu11
libjpeg-turbo8:amd64	2.1.5-2ubuntu2	libjpeg-turbo	2.1.5-2ubuntu2
libjpeg-turbo8-dev:amd64	2.1.5-2ubuntu2	libjpeg-turbo	2.1.5-2ubuntu2
libjpeg8:amd64	8c-2ubuntu11	libjpeg8-empty	8c-2ubuntu11
libjpeg8-dev:amd64	8c-2ubuntu11	libjpeg8-empty	8c-2ubuntu11
libjson-glib-1.0-0:amd64	1.8.0-2build2	json-glib	1.8.0-2build2
libjson-glib-1.0-common	1.8.0-2build2	json-glib	1.8.0-2build2
libjxl0.7:amd64	0.7.0-10.2ubuntu6.1	jpeg-xl	0.7.0-10.2ubuntu6.1
libk5crypto3:amd64	1.20.1-6ubuntu2.8	krb5	1.20.1-6ubuntu2.8
libkeyutils1:amd64	1.6.3-3build1	keyutils	1.6.3-3build1
libkrb5-3:amd64	1.20.1-6ubuntu2.8	krb5	1.20.1-6ubuntu2.8
libkrb5support0:amd64	1.20.1-6ubuntu2.8	krb5	1.20.1-6ubuntu2.8
liblapack3:amd64	3.12.0-3build1.1	lapack	3.12.0-3build1.1
liblcms2-2:amd64	2.14-2ubuntu0.1	lcms2	2.14-2ubuntu0.1
liblcms2-dev:amd64	2.14-2ubuntu0.1	lcms2	2.14-2ubuntu0.1
libldap2:amd64	2.6.10+dfsg-0ubuntu0.24.04.1	openldap	2.6.10+dfsg-0ubuntu0.24.04.1
liblerc-dev:amd64	4.0.0+ds-4ubuntu2	lerc	4.0.0+ds-4ubuntu2
liblerc4:amd64	4.0.0+ds-4ubuntu2	lerc	4.0.0+ds-4ubuntu2
liblilv-0-0:amd64	0.24.22-1build1	lilv	0.24.22-1build1
libllvm20:amd64	1:20.1.2-0ubuntu1~24.04.3	llvm-toolchain-20	1:20.1.2-0ubuntu1~24.04.3
liblsan0:amd64	14.2.0-4ubuntu2~24.04.1	gcc-14	14.2.0-4ubuntu2~24.04.1
libltdl-dev:amd64	2.4.7-7build1	libtool	2.4.7-7build1
libltdl7:amd64	2.4.7-7build1	libtool	2.4.7-7build1
liblua5.4-0:amd64	5.4.6-3build2	lua5.4	5.4.6-3build2
liblz4-1:amd64	1.9.4-1build1.1	lz4	1.9.4-1build1.1
liblzma-dev:amd64	5.6.1+really5.4.5-1ubuntu0.3	xz-utils	5.6.1+really5.4.5-1ubuntu0.3
liblzma5:amd64	5.6.1+really5.4.5-1ubuntu0.3	xz-utils	5.6.1+really5.4.5-1ubuntu0.3
liblzo2-2:amd64	2.10-2build4	lzo2	2.10-2build4
libmagic-mgc	1:5.45-3build1	file	1:5.45-3build1
libmagic1t64:amd64	1:5.45-3build1	file	1:5.45-3build1
libmanette-0.2-0:amd64	0.2.7-1build2	libmanette	0.2.7-1build2
libmbedcrypto7t64:amd64	2.28.8-1	mbedtls	2.28.8-1
libmd0:amd64	1.1.0-2build1.1	libmd	1.1.0-2build1.1
libmount-dev:amd64	2.39.3-9ubuntu6.6	util-linux	2.39.3-9ubuntu6.6
libmount1:amd64	2.39.3-9ubuntu6.6	util-linux	2.39.3-9ubuntu6.6
libmp3lame0:amd64	3.100-6build1	lame	3.100-6build1
libmpc3:amd64	1.3.1-1build1.1	mpclib3	1.3.1-1build1.1
libmpfr6:amd64	4.2.1-1build1.1	mpfr4	4.2.1-1build1.1
libmpg123-0t64:amd64	1.32.5-1ubuntu1.1	mpg123	1.32.5-1ubuntu1.1
libmujs-dev:amd64	1.3.3-3build2	mujs	1.3.3-3build2
libmujs3:amd64	1.3.3-3build2	mujs	1.3.3-3build2
libmysofa1:amd64	1.3.2+dfsg-2ubuntu2	libmysofa	1.3.2+dfsg-2ubuntu2
libncurses6:amd64	6.4+20240113-1ubuntu2.2	ncurses	6.4+20240113-1ubuntu2.2
libncursesw6:amd64	6.4+20240113-1ubuntu2.2	ncurses	6.4+20240113-1ubuntu2.2
libnettle8t64:amd64	3.9.1-2.2build1.1	nettle	3.9.1-2.2build1.1
libnghttp2-14:amd64	1.59.0-1ubuntu0.4	nghttp2	1.59.0-1ubuntu0.4
libnghttp2-dev:amd64	1.59.0-1ubuntu0.4	nghttp2	1.59.0-1ubuntu0.4
libnorm1t64:amd64	1.5.9+dfsg-3.1build1	norm	1.5.9+dfsg-3.1build1
libnpth0t64:amd64	1.6-3.1build1	npth	1.6-3.1build1
libnuma1:amd64	2.0.18-1ubuntu0.24.04.1	numactl	2.0.18-1ubuntu0.24.04.1
libogg0:amd64	1.3.5-3build1	libogg	1.3.5-3build1
libopenal-data	1:1.23.1-4build1	openal-soft	1:1.23.1-4build1
libopenal1:amd64	1:1.23.1-4build1	openal-soft	1:1.23.1-4build1
libopengl-dev:amd64	1.7.0-1build1	libglvnd	1.7.0-1build1
libopengl0:amd64	1.7.0-1build1	libglvnd	1.7.0-1build1
libopenjp2-7:amd64	2.5.0-2ubuntu0.5	openjpeg2	2.5.0-2ubuntu0.5
libopenjp2-7-dev:amd64	2.5.0-2ubuntu0.5	openjpeg2	2.5.0-2ubuntu0.5
libopenmpt0t64:amd64	0.7.3-1.1build3	libopenmpt	0.7.3-1.1build3
libopus0:amd64	1.4-1build1	opus	1.4-1build1
liborc-0.4-0t64:amd64	1:0.4.38-1ubuntu0.1	orc	1:0.4.38-1ubuntu0.1
libp11-kit0:amd64	0.25.3-4ubuntu2.1	p11-kit	0.25.3-4ubuntu2.1
libpam-modules:amd64	1.5.3-5ubuntu5.6	pam	1.5.3-5ubuntu5.6
libpam-modules-bin	1.5.3-5ubuntu5.6	pam	1.5.3-5ubuntu5.6
libpam-runtime	1.5.3-5ubuntu5.6	pam	1.5.3-5ubuntu5.6
libpam0g:amd64	1.5.3-5ubuntu5.6	pam	1.5.3-5ubuntu5.6
libpango-1.0-0:amd64	1.52.1+ds-1build1	pango1.0	1.52.1+ds-1build1
libpango1.0-dev:amd64	1.52.1+ds-1build1	pango1.0	1.52.1+ds-1build1
libpangocairo-1.0-0:amd64	1.52.1+ds-1build1	pango1.0	1.52.1+ds-1build1
libpangoft2-1.0-0:amd64	1.52.1+ds-1build1	pango1.0	1.52.1+ds-1build1
libpangoxft-1.0-0:amd64	1.52.1+ds-1build1	pango1.0	1.52.1+ds-1build1
libpciaccess0:amd64	0.17-3ubuntu0.24.04.2	libpciaccess	0.17-3ubuntu0.24.04.2
libpcre2-16-0:amd64	10.42-4ubuntu2.1	pcre2	10.42-4ubuntu2.1
libpcre2-32-0:amd64	10.42-4ubuntu2.1	pcre2	10.42-4ubuntu2.1
libpcre2-8-0:amd64	10.42-4ubuntu2.1	pcre2	10.42-4ubuntu2.1
libpcre2-dev:amd64	10.42-4ubuntu2.1	pcre2	10.42-4ubuntu2.1
libpcre2-posix3:amd64	10.42-4ubuntu2.1	pcre2	10.42-4ubuntu2.1
libperl5.38t64:amd64	5.38.2-3.2ubuntu0.4	perl	5.38.2-3.2ubuntu0.4
libpgm-5.3-0t64:amd64	5.3.128~dfsg-2.1build1	libpgm	5.3.128~dfsg-2.1build1
libpipewire-0.3-0t64:amd64	1.0.5-1ubuntu3.3	pipewire	1.0.5-1ubuntu3.3
libpixman-1-0:amd64	0.42.2-1build1	pixman	0.42.2-1build1
libpixman-1-dev:amd64	0.42.2-1build1	pixman	0.42.2-1build1
libpkgconf3:amd64	1.8.1-2build1	pkgconf	1.8.1-2build1
libplacebo338:amd64	6.338.2-2build1	libplacebo	6.338.2-2build1
libpng-dev:amd64	1.6.43-5ubuntu0.6	libpng1.6	1.6.43-5ubuntu0.6
libpng16-16t64:amd64	1.6.43-5ubuntu0.6	libpng1.6	1.6.43-5ubuntu0.6
libpocketsphinx3:amd64	0.8.0+real5prealpha+1-15ubuntu5	pocketsphinx	0.8.0+real5prealpha+1-15ubuntu5
libpostproc57:amd64	7:6.1.1-3ubuntu5	ffmpeg	7:6.1.1-3ubuntu5
libproc2-0:amd64	2:4.0.4-4ubuntu3.2	procps	2:4.0.4-4ubuntu3.2
libproxy1v5:amd64	0.5.4-4build1	libproxy	0.5.4-4build1
libpsl-dev:amd64	0.21.2-1.1build1	libpsl	0.21.2-1.1build1
libpsl5t64:amd64	0.21.2-1.1build1	libpsl	0.21.2-1.1build1
libpthread-stubs0-dev:amd64	0.4-1build3	libpthread-stubs	0.4-1build3
libpulse0:amd64	1:16.1+dfsg1-2ubuntu10.1	pulseaudio	1:16.1+dfsg1-2ubuntu10.1
libpython3-stdlib:amd64	3.12.3-0ubuntu2.1	python3-defaults	3.12.3-0ubuntu2.1
libpython3.12-minimal:amd64	3.12.3-1ubuntu0.16	python3.12	3.12.3-1ubuntu0.16
libpython3.12-stdlib:amd64	3.12.3-1ubuntu0.16	python3.12	3.12.3-1ubuntu0.16
libquadmath0:amd64	14.2.0-4ubuntu2~24.04.1	gcc-14	14.2.0-4ubuntu2~24.04.1
librabbitmq4:amd64	0.11.0-1ubuntu0.2	librabbitmq	0.11.0-1ubuntu0.2
librav1e0:amd64	0.7.1-2	rust-rav1e	0.7.1-2
libraw1394-11:amd64	2.1.2-2build3	libraw1394	2.1.2-2build3
libreadline8t64:amd64	8.2-4build1	readline	8.2-4build1
librist4:amd64	0.2.10+dfsg-2	librist	0.2.10+dfsg-2
librsvg2-2:amd64	2.58.0+dfsg-1build1	librsvg	2.58.0+dfsg-1build1
librsvg2-common:amd64	2.58.0+dfsg-1build1	librsvg	2.58.0+dfsg-1build1
librsvg2-dev:amd64	2.58.0+dfsg-1build1	librsvg	2.58.0+dfsg-1build1
librtmp1:amd64	2.4+20151223.gitfa8646d.1-2build7	rtmpdump	2.4+20151223.gitfa8646d.1-2build7
librubberband2:amd64	3.3.0+dfsg-2build1	rubberband	3.3.0+dfsg-2build1
libsamplerate0:amd64	0.2.2-4build1	libsamplerate	0.2.2-4build1
libsasl2-2:amd64	2.1.28+dfsg1-5ubuntu3.1	cyrus-sasl2	2.1.28+dfsg1-5ubuntu3.1
libsasl2-modules-db:amd64	2.1.28+dfsg1-5ubuntu3.1	cyrus-sasl2	2.1.28+dfsg1-5ubuntu3.1
libsdl2-2.0-0:amd64	2.30.0+dfsg-1ubuntu3.1	libsdl2	2.30.0+dfsg-1ubuntu3.1
libseccomp2:amd64	2.5.5-1ubuntu3.1	libseccomp	2.5.5-1ubuntu3.1
libsecret-1-0:amd64	0.21.4-1build3	libsecret	0.21.4-1build3
libsecret-common	0.21.4-1build3	libsecret	0.21.4-1build3
libselinux1:amd64	3.5-2ubuntu2.1	libselinux	3.5-2ubuntu2.1
libselinux1-dev:amd64	3.5-2ubuntu2.1	libselinux	3.5-2ubuntu2.1
libsemanage-common	3.5-1build5	libsemanage	3.5-1build5
libsemanage2:amd64	3.5-1build5	libsemanage	3.5-1build5
libsensors-config	1:3.6.0-9build1	lm-sensors	1:3.6.0-9build1
libsensors5:amd64	1:3.6.0-9build1	lm-sensors	1:3.6.0-9build1
libsepol-dev:amd64	3.5-2build1	libsepol	3.5-2build1
libsepol2:amd64	3.5-2build1	libsepol	3.5-2build1
libserd-0-0:amd64	0.32.2-1	serd	0.32.2-1
libsframe1:amd64	2.42-4ubuntu2.10	binutils	2.42-4ubuntu2.10
libsharpyuv-dev:amd64	1.3.2-0.4build3	libwebp	1.3.2-0.4build3
libsharpyuv0:amd64	1.3.2-0.4build3	libwebp	1.3.2-0.4build3
libshine3:amd64	3.1.1-2build1	shine	3.1.1-2build1
libshout3:amd64	2.4.6-1build2	libshout	2.4.6-1build2
libslang2:amd64	2.3.3-3build2	slang2	2.3.3-3build2
libsm-dev:amd64	2:1.2.3-1build3	libsm	2:1.2.3-1build3
libsm6:amd64	2:1.2.3-1build3	libsm	2:1.2.3-1build3
libsmartcols1:amd64	2.39.3-9ubuntu6.6	util-linux	2.39.3-9ubuntu6.6
libsnappy1v5:amd64	1.1.10-1build1	snappy	1.1.10-1build1
libsndfile1:amd64	1.2.2-1ubuntu5.24.04.1	libsndfile	1.2.2-1ubuntu5.24.04.1
libsndio7.0:amd64	1.9.0-0.3build3	sndio	1.9.0-0.3build3
libsodium23:amd64	1.0.18-1ubuntu0.24.04.1	libsodium	1.0.18-1ubuntu0.24.04.1
libsord-0-0:amd64	0.16.16-2build1	sord	0.16.16-2build1
libsoup-3.0-0:amd64	3.4.4-5ubuntu0.7	libsoup3	3.4.4-5ubuntu0.7
libsoup-3.0-common	3.4.4-5ubuntu0.7	libsoup3	3.4.4-5ubuntu0.7
libsoup-3.0-dev:amd64	3.4.4-5ubuntu0.7	libsoup3	3.4.4-5ubuntu0.7
libsoxr0:amd64	0.1.3-4build3	libsoxr	0.1.3-4build3
libspa-0.2-modules:amd64	1.0.5-1ubuntu3.3	pipewire	1.0.5-1ubuntu3.3
libspeex1:amd64	1.2.1-2ubuntu2.24.04.1	speex	1.2.1-2ubuntu2.24.04.1
libsphinxbase3t64:amd64	0.8+5prealpha+1-17build2	sphinxbase	0.8+5prealpha+1-17build2
libsqlite3-0:amd64	3.45.1-1ubuntu2.7	sqlite3	3.45.1-1ubuntu2.7
libsqlite3-dev:amd64	3.45.1-1ubuntu2.7	sqlite3	3.45.1-1ubuntu2.7
libsratom-0-0:amd64	0.6.16-1build1	sratom	0.6.16-1build1
libsrt1.5-gnutls:amd64	1.5.3-1build2	srt	1.5.3-1build2
libss2:amd64	1.47.0-2.4~exp1ubuntu4.1	e2fsprogs	1.47.0-2.4~exp1ubuntu4.1
libssh-4:amd64	0.10.6-2ubuntu0.5	libssh	0.10.6-2ubuntu0.5
libssh-gcrypt-4:amd64	0.10.6-2ubuntu0.5	libssh	0.10.6-2ubuntu0.5
libssl3t64:amd64	3.0.13-0ubuntu3.15	openssl	3.0.13-0ubuntu3.15
libstdc++-13-dev:amd64	13.3.0-6ubuntu2~24.04.1	gcc-13	13.3.0-6ubuntu2~24.04.1
libstdc++6:amd64	14.2.0-4ubuntu2~24.04.1	gcc-14	14.2.0-4ubuntu2~24.04.1
libsvtav1enc1d1:amd64	1.7.0+dfsg-2build1	svt-av1	1.7.0+dfsg-2build1
libswresample4:amd64	7:6.1.1-3ubuntu5	ffmpeg	7:6.1.1-3ubuntu5
libswscale7:amd64	7:6.1.1-3ubuntu5	ffmpeg	7:6.1.1-3ubuntu5
libsysprof-capture-4-dev:amd64	46.0-1build1	sysprof	46.0-1build1
libsystemd0:amd64	255.4-1ubuntu8.17	systemd	255.4-1ubuntu8.17
libtag1v5:amd64	1.13.1-1build1	taglib	1.13.1-1build1
libtag1v5-vanilla:amd64	1.13.1-1build1	taglib	1.13.1-1build1
libtasn1-6:amd64	4.19.0-3ubuntu0.24.04.2	libtasn1-6	4.19.0-3ubuntu0.24.04.2
libtext-iconv-perl:amd64	1.7-8build3	libtext-iconv-perl	1.7-8build3
libthai-data	0.1.29-2build1	libthai	0.1.29-2build1
libthai-dev:amd64	0.1.29-2build1	libthai	0.1.29-2build1
libthai0:amd64	0.1.29-2build1	libthai	0.1.29-2build1
libtheora0:amd64	1.1.1+dfsg.1-16.1build3	libtheora	1.1.1+dfsg.1-16.1build3
libtiff-dev:amd64	4.5.1+git230720-4ubuntu2.5	tiff	4.5.1+git230720-4ubuntu2.5
libtiff6:amd64	4.5.1+git230720-4ubuntu2.5	tiff	4.5.1+git230720-4ubuntu2.5
libtiffxx6:amd64	4.5.1+git230720-4ubuntu2.5	tiff	4.5.1+git230720-4ubuntu2.5
libtinfo6:amd64	6.4+20240113-1ubuntu2.2	ncurses	6.4+20240113-1ubuntu2.2
libtool	2.4.7-7build1	libtool	2.4.7-7build1
libtsan2:amd64	14.2.0-4ubuntu2~24.04.1	gcc-14	14.2.0-4ubuntu2~24.04.1
libtwolame0:amd64	0.4.0-2build3	twolame	0.4.0-2build3
libubsan1:amd64	14.2.0-4ubuntu2~24.04.1	gcc-14	14.2.0-4ubuntu2~24.04.1
libudev1:amd64	255.4-1ubuntu8.17	systemd	255.4-1ubuntu8.17
libudfread0:amd64	1.1.2-1build1	libudfread	1.1.2-1build1
libunibreak5:amd64	5.1-2build1	libunibreak	5.1-2build1
libunistring5:amd64	1.1-2build1.1	libunistring	1.1-2build1.1
libunwind8:amd64	1.6.2-3build1.1	libunwind	1.6.2-3build1.1
libusb-1.0-0:amd64	2:1.0.27-1	libusb-1.0	2:1.0.27-1
libuuid1:amd64	2.39.3-9ubuntu6.6	util-linux	2.39.3-9ubuntu6.6
libv4l-0t64:amd64	1.26.1-4build3	v4l-utils	1.26.1-4build3
libv4lconvert0t64:amd64	1.26.1-4build3	v4l-utils	1.26.1-4build3
libva-drm2:amd64	2.20.0-2ubuntu0.2	libva	2.20.0-2ubuntu0.2
libva-x11-2:amd64	2.20.0-2ubuntu0.2	libva	2.20.0-2ubuntu0.2
libva2:amd64	2.20.0-2ubuntu0.2	libva	2.20.0-2ubuntu0.2
libvdpau1:amd64	1.5-2build1	libvdpau	1.5-2build1
libvidstab1.1:amd64	1.1.0-2build1	libvidstab	1.1.0-2build1
libvisual-0.4-0:amd64	0.4.2-2build1	libvisual	0.4.2-2build1
libvorbis0a:amd64	1.3.7-1build3	libvorbis	1.3.7-1build3
libvorbisenc2:amd64	1.3.7-1build3	libvorbis	1.3.7-1build3
libvorbisfile3:amd64	1.3.7-1build3	libvorbis	1.3.7-1build3
libvpl2	2023.3.0-1build1	onevpl	2023.3.0-1build1
libvpx9:amd64	1.14.0-1ubuntu2.3	libvpx	1.14.0-1ubuntu2.3
libvulkan1:amd64	1.3.275.0-1build1	vulkan-loader	1.3.275.0-1build1
libwavpack1:amd64	5.6.0-1build1	wavpack	5.6.0-1build1
libwayland-bin	1.22.0-2.1build1	wayland	1.22.0-2.1build1
libwayland-client0:amd64	1.22.0-2.1build1	wayland	1.22.0-2.1build1
libwayland-cursor0:amd64	1.22.0-2.1build1	wayland	1.22.0-2.1build1
libwayland-dev:amd64	1.22.0-2.1build1	wayland	1.22.0-2.1build1
libwayland-egl1:amd64	1.22.0-2.1build1	wayland	1.22.0-2.1build1
libwayland-server0:amd64	1.22.0-2.1build1	wayland	1.22.0-2.1build1
libwebkit2gtk-4.1-0:amd64	2.52.6-0ubuntu0.24.04.1	webkit2gtk	2.52.6-0ubuntu0.24.04.1
libwebkit2gtk-4.1-dev	2.52.6-0ubuntu0.24.04.1	webkit2gtk	2.52.6-0ubuntu0.24.04.1
libwebp-dev:amd64	1.3.2-0.4build3	libwebp	1.3.2-0.4build3
libwebp7:amd64	1.3.2-0.4build3	libwebp	1.3.2-0.4build3
libwebpdecoder3:amd64	1.3.2-0.4build3	libwebp	1.3.2-0.4build3
libwebpdemux2:amd64	1.3.2-0.4build3	libwebp	1.3.2-0.4build3
libwebpmux3:amd64	1.3.2-0.4build3	libwebp	1.3.2-0.4build3
libwebrtc-audio-processing1:amd64	0.3.1-0ubuntu6	webrtc-audio-processing	0.3.1-0ubuntu6
libx11-6:amd64	2:1.8.7-1build1	libx11	2:1.8.7-1build1
libx11-data	2:1.8.7-1build1	libx11	2:1.8.7-1build1
libx11-dev:amd64	2:1.8.7-1build1	libx11	2:1.8.7-1build1
libx11-xcb1:amd64	2:1.8.7-1build1	libx11	2:1.8.7-1build1
libx264-164:amd64	2:0.164.3108+git31e19f9-1	x264	2:0.164.3108+git31e19f9-1
libx265-199:amd64	3.5-2build1	x265	3.5-2build1
libx265-dev:amd64	3.5-2build1	x265	3.5-2build1
libxau-dev:amd64	1:1.0.9-1build6	libxau	1:1.0.9-1build6
libxau6:amd64	1:1.0.9-1build6	libxau	1:1.0.9-1build6
libxaw7:amd64	2:1.0.14-1build2	libxaw	2:1.0.14-1build2
libxcb-dri3-0:amd64	1.15-1ubuntu2	libxcb	1.15-1ubuntu2
libxcb-glx0:amd64	1.15-1ubuntu2	libxcb	1.15-1ubuntu2
libxcb-present0:amd64	1.15-1ubuntu2	libxcb	1.15-1ubuntu2
libxcb-randr0:amd64	1.15-1ubuntu2	libxcb	1.15-1ubuntu2
libxcb-render0:amd64	1.15-1ubuntu2	libxcb	1.15-1ubuntu2
libxcb-render0-dev:amd64	1.15-1ubuntu2	libxcb	1.15-1ubuntu2
libxcb-shape0:amd64	1.15-1ubuntu2	libxcb	1.15-1ubuntu2
libxcb-shm0:amd64	1.15-1ubuntu2	libxcb	1.15-1ubuntu2
libxcb-shm0-dev:amd64	1.15-1ubuntu2	libxcb	1.15-1ubuntu2
libxcb-sync1:amd64	1.15-1ubuntu2	libxcb	1.15-1ubuntu2
libxcb-xfixes0:amd64	1.15-1ubuntu2	libxcb	1.15-1ubuntu2
libxcb1:amd64	1.15-1ubuntu2	libxcb	1.15-1ubuntu2
libxcb1-dev:amd64	1.15-1ubuntu2	libxcb	1.15-1ubuntu2
libxcomposite-dev:amd64	1:0.4.5-1build3	libxcomposite	1:0.4.5-1build3
libxcomposite1:amd64	1:0.4.5-1build3	libxcomposite	1:0.4.5-1build3
libxcursor-dev:amd64	1:1.2.1-1build1	libxcursor	1:1.2.1-1build1
libxcursor1:amd64	1:1.2.1-1build1	libxcursor	1:1.2.1-1build1
libxdamage-dev:amd64	1:1.1.6-1build1	libxdamage	1:1.1.6-1build1
libxdamage1:amd64	1:1.1.6-1build1	libxdamage	1:1.1.6-1build1
libxdmcp-dev:amd64	1:1.1.3-0ubuntu6	libxdmcp	1:1.1.3-0ubuntu6
libxdmcp6:amd64	1:1.1.3-0ubuntu6	libxdmcp	1:1.1.3-0ubuntu6
libxext-dev:amd64	2:1.3.4-1build2	libxext	2:1.3.4-1build2
libxext6:amd64	2:1.3.4-1build2	libxext	2:1.3.4-1build2
libxfixes-dev:amd64	1:6.0.0-2build1	libxfixes	1:6.0.0-2build1
libxfixes3:amd64	1:6.0.0-2build1	libxfixes	1:6.0.0-2build1
libxfont2:amd64	1:2.0.6-1+deb13u1build0.24.04.2	libxfont	1:2.0.6-1+deb13u1build0.24.04.2
libxft-dev:amd64	2.3.6-1build1	xft	2.3.6-1build1
libxft2:amd64	2.3.6-1build1	xft	2.3.6-1build1
libxi-dev:amd64	2:1.8.1-1build1	libxi	2:1.8.1-1build1
libxi6:amd64	2:1.8.1-1build1	libxi	2:1.8.1-1build1
libxinerama-dev:amd64	2:1.1.4-3build1	libxinerama	2:1.1.4-3build1
libxinerama1:amd64	2:1.1.4-3build1	libxinerama	2:1.1.4-3build1
libxkbcommon-dev:amd64	1.6.0-1build1	libxkbcommon	1.6.0-1build1
libxkbcommon0:amd64	1.6.0-1build1	libxkbcommon	1.6.0-1build1
libxkbfile1:amd64	1:1.1.0-1build4	libxkbfile	1:1.1.0-1build4
libxml2:amd64	2.9.14+dfsg-1.3ubuntu3.8	libxml2	2.9.14+dfsg-1.3ubuntu3.8
libxml2-dev:amd64	2.9.14+dfsg-1.3ubuntu3.8	libxml2	2.9.14+dfsg-1.3ubuntu3.8
libxmu6:amd64	2:1.1.3-3build2	libxmu	2:1.1.3-3build2
libxmuu1:amd64	2:1.1.3-3build2	libxmu	2:1.1.3-3build2
libxpm4:amd64	1:3.5.17-1ubuntu0.24.04.1	libxpm	1:3.5.17-1ubuntu0.24.04.1
libxrandr-dev:amd64	2:1.5.2-2build1	libxrandr	2:1.5.2-2build1
libxrandr2:amd64	2:1.5.2-2build1	libxrandr	2:1.5.2-2build1
libxrender-dev:amd64	1:0.9.10-1.1build1	libxrender	1:0.9.10-1.1build1
libxrender1:amd64	1:0.9.10-1.1build1	libxrender	1:0.9.10-1.1build1
libxshmfence1:amd64	1.3-1build5	libxshmfence	1.3-1build5
libxslt1.1:amd64	1.1.39-0exp1ubuntu0.24.04.3	libxslt	1.1.39-0exp1ubuntu0.24.04.3
libxss1:amd64	1:1.2.3-1build3	libxss	1:1.2.3-1build3
libxt6t64:amd64	1:1.2.1-1.2build1	libxt	1:1.2.1-1.2build1
libxtst-dev:amd64	2:1.2.3-1.1build1	libxtst	2:1.2.3-1.1build1
libxtst6:amd64	2:1.2.3-1.1build1	libxtst	2:1.2.3-1.1build1
libxv1:amd64	2:1.0.11-1.1build1	libxv	2:1.0.11-1.1build1
libxvidcore4:amd64	2:1.3.7-1build1	xvidcore	2:1.3.7-1build1
libxxf86vm1:amd64	1:1.1.4-1build4	libxxf86vm	1:1.1.4-1build4
libxxhash0:amd64	0.8.2-2build1	xxhash	0.8.2-2build1
libyaml-0-2:amd64	0.2.5-1build1	libyaml	0.2.5-1build1
libzimg2:amd64	3.0.5+ds1-1build1	zimg	3.0.5+ds1-1build1
libzix-0-0:amd64	0.4.2-2build1	zix	0.4.2-2build1
libzmq5:amd64	4.3.5-1build2	zeromq3	4.3.5-1build2
libzstd-dev:amd64	1.5.5+dfsg2-2build1.1	libzstd	1.5.5+dfsg2-2build1.1
libzstd1:amd64	1.5.5+dfsg2-2build1.1	libzstd	1.5.5+dfsg2-2build1.1
libzvbi-common	0.2.42-2	zvbi	0.2.42-2
libzvbi0t64:amd64	0.2.42-2	zvbi	0.2.42-2
linux-libc-dev:amd64	6.8.0-139.139	linux	6.8.0-139.139
login	1:4.13+dfsg1-4ubuntu3.2	shadow	1:4.13+dfsg1-4ubuntu3.2
logsave	1.47.0-2.4~exp1ubuntu4.1	e2fsprogs	1.47.0-2.4~exp1ubuntu4.1
lto-disabled-list	47	lto-disabled-list	47
m4	1.4.19-4build1	m4	1.4.19-4build1
make	4.3-4.1build2	make-dfsg	4.3-4.1build2
mawk	1.3.4.20240123-1build1	mawk	1.3.4.20240123-1build1
media-types	10.1.0	media-types	10.1.0
mesa-libgallium:amd64	25.2.8-0ubuntu0.24.04.2	mesa	25.2.8-0ubuntu0.24.04.2
mount	2.39.3-9ubuntu6.6	util-linux	2.39.3-9ubuntu6.6
mupdf-tools	1.23.10+ds1-1build3	mupdf	1.23.10+ds1-1build3
ncurses-base	6.4+20240113-1ubuntu2.2	ncurses	6.4+20240113-1ubuntu2.2
ncurses-bin	6.4+20240113-1ubuntu2.2	ncurses	6.4+20240113-1ubuntu2.2
netbase	6.4	netbase	6.4
ocl-icd-libopencl1:amd64	2.3.2-1build1	ocl-icd	2.3.2-1build1
openssl	3.0.13-0ubuntu3.15	openssl	3.0.13-0ubuntu3.15
pandoc	3.1.3+ds-2	pandoc	3.1.3+ds-2
pandoc-data	3.1.3-1	haskell-pandoc	3.1.3-1
pango1.0-tools	1.52.1+ds-1build1	pango1.0	1.52.1+ds-1build1
passwd	1:4.13+dfsg1-4ubuntu3.2	shadow	1:4.13+dfsg1-4ubuntu3.2
patch	2.7.6-7build3	patch	2.7.6-7build3
patchelf	0.18.0-1.1build1	patchelf	0.18.0-1.1build1
perl	5.38.2-3.2ubuntu0.4	perl	5.38.2-3.2ubuntu0.4
perl-base	5.38.2-3.2ubuntu0.4	perl	5.38.2-3.2ubuntu0.4
perl-modules-5.38	5.38.2-3.2ubuntu0.4	perl	5.38.2-3.2ubuntu0.4
pkg-config:amd64	1.8.1-2build1	pkgconf	1.8.1-2build1
pkgconf:amd64	1.8.1-2build1	pkgconf	1.8.1-2build1
pkgconf-bin	1.8.1-2build1	pkgconf	1.8.1-2build1
procps	2:4.0.4-4ubuntu3.2	procps	2:4.0.4-4ubuntu3.2
python3	3.12.3-0ubuntu2.1	python3-defaults	3.12.3-0ubuntu2.1
python3-mako	1.3.2-1ubuntu0.1	mako	1.3.2-1ubuntu0.1
python3-markdown	3.5.2-1	python-markdown	3.5.2-1
python3-markupsafe	2.1.5-1build2	markupsafe	2.1.5-1build2
python3-minimal	3.12.3-0ubuntu2.1	python3-defaults	3.12.3-0ubuntu2.1
python3-packaging	24.0-1	python-packaging	24.0-1
python3-pkg-resources	68.1.2-2ubuntu1.2	setuptools	68.1.2-2ubuntu1.2
python3-setuptools	68.1.2-2ubuntu1.2	setuptools	68.1.2-2ubuntu1.2
python3.12	3.12.3-1ubuntu0.16	python3.12	3.12.3-1ubuntu0.16
python3.12-minimal	3.12.3-1ubuntu0.16	python3.12	3.12.3-1ubuntu0.16
readline-common	8.2-4build1	readline	8.2-4build1
rpcsvc-proto	1.4.2-0ubuntu7	rpcsvc-proto	1.4.2-0ubuntu7
sed	4.9-2ubuntu0.24.04.1	sed	4.9-2ubuntu0.24.04.1
sensible-utils	0.0.22	sensible-utils	0.0.22
session-migration	0.3.9build1	session-migration	0.3.9build1
sgml-base	1.31	sgml-base	1.31
shared-mime-info	2.4-4	shared-mime-info	2.4-4
squashfs-tools	1:4.6.1-1build1	squashfs-tools	1:4.6.1-1build1
sysvinit-utils	3.08-6ubuntu3	sysvinit	3.08-6ubuntu3
tar	1.35+dfsg-3ubuntu0.4	tar	1.35+dfsg-3ubuntu0.4
tzdata	2026c-0ubuntu0.24.04.1	tzdata	2026c-0ubuntu0.24.04.1
ubuntu-keyring	2023.11.28.1	ubuntu-keyring	2023.11.28.1
ubuntu-mono	24.04-0ubuntu1	ubuntu-themes	24.04-0ubuntu1
unminimize	0.2.1	unminimize	0.2.1
util-linux	2.39.3-9ubuntu6.6	util-linux	2.39.3-9ubuntu6.6
uuid-dev:amd64	2.39.3-9ubuntu6.6	util-linux	2.39.3-9ubuntu6.6
wayland-protocols	1.45-1~ubuntu0.24.04.2	wayland-protocols	1.45-1~ubuntu0.24.04.2
x11-common	1:7.7+23ubuntu3	xorg	1:7.7+23ubuntu3
x11-xkb-utils	7.7+8build2	x11-xkb-utils	7.7+8build2
x11proto-dev	2023.2-1	xorgproto	2023.2-1
xauth	1:1.1.2-1build1	xauth	1:1.1.2-1build1
xdg-dbus-proxy	0.1.5-1ubuntu0.2	xdg-dbus-proxy	0.1.5-1ubuntu0.2
xdg-desktop-portal	1.18.4-1ubuntu2.24.04.2	xdg-desktop-portal	1.18.4-1ubuntu2.24.04.2
xdg-desktop-portal-gtk	1.15.1-1build2	xdg-desktop-portal-gtk	1.15.1-1build2
xkb-data	2.41-2ubuntu1.1	xkeyboard-config	2.41-2ubuntu1.1
xml-core	0.19	xml-core	0.19
xorg-sgml-doctools	1:1.11-1.1	xorg-sgml-doctools	1:1.11-1.1
xserver-common	2:21.1.12-1ubuntu1.6	xorg-server	2:21.1.12-1ubuntu1.6
xtrans-dev	1.4.0-1	xtrans	1.4.0-1
xvfb	2:21.1.12-1ubuntu1.6	xorg-server	2:21.1.12-1ubuntu1.6
xz-utils	5.6.1+really5.4.5-1ubuntu0.3	xz-utils	5.6.1+really5.4.5-1ubuntu0.3
zlib1g:amd64	1:1.3.dfsg-3.1ubuntu2.2	zlib	1:1.3.dfsg-3.1ubuntu2.2
zlib1g-dev:amd64	1:1.3.dfsg-3.1ubuntu2.2	zlib	1:1.3.dfsg-3.1ubuntu2.2
